Reporting Range=["Monthly"],Select year=["2025"],Select month=["March"],Search Term=["saw palmetto"]
"Search Frequency Rank","Search Term","Top Clicked Brand #1","Top Clicked Brands #2","Top Clicked Brands #3","Top Clicked Category #1","Top Clicked Category #2","Top Clicked Category #3","Top Clicked Product #1: ASIN","Top Clicked Product #1: Product Title","Top Clicked Product #1: Click Share","Top Clicked Product #1: Conversion Share","Top Clicked Product #2: ASIN","Top Clicked Product #2: Product Title","Top Clicked Product #2: Click Share","Top Clicked Product #2: Conversion Share","Top Clicked Product #3: ASIN","Top Clicked Product #3: Product Title","Top Clicked Product #3: Click Share","Top Clicked Product #3: Conversion Share","Reporting Date"
"5172","saw palmetto for men","HAVASU NUTRITION","Nature's Bounty","Horbaach","Health & Personal Care","Grocery","Beauty","B01LQPZ8BS","Saw Palmetto for Men Prostate Health Supplement to Promote Urinary Tract Function - 500mg Per Serving - 100 Count - DHT Blocker Hair Vitamin - Vegan, Non-GMO Capsules, Over 3 Month Supply","22.06","14.67","B07SSVC2LB","Horbäach Saw Palmetto Extract | 120 Capsules | Non-GMO and Gluten Free Formula | from Saw Palmetto Berries","12.5","10.51","B002Y27KEQ","Nature's Bounty Saw Palmetto Support for Prostate and Urinary Health, Herbal Health Supplement, 450mg, 250 Capsules","11.33","10.54","2025-03-31"
"11324","saw palmetto","HAVASU NUTRITION","Horbaach","Nature's Bounty","Health & Personal Care","Grocery","Beauty","B07SSVC2LB","Horbäach Saw Palmetto Extract | 120 Capsules | Non-GMO and Gluten Free Formula | from Saw Palmetto Berries","14.19","11.14","B01LQPZ8BS","Saw Palmetto for Men Prostate Health Supplement to Promote Urinary Tract Function - 500mg Per Serving - 100 Count - DHT Blocker Hair Vitamin - Vegan, Non-GMO Capsules, Over 3 Month Supply","11.78","8.47","B002Y27KEQ","Nature's Bounty Saw Palmetto Support for Prostate and Urinary Health, Herbal Health Supplement, 450mg, 250 Capsules","9.39","9.1","2025-03-31"
"21064","saw palmetto for women","Natures Craft","HAVASU NUTRITION","Gesundgeist","Health & Personal Care","Grocery","Beauty","B01GDPQFSG","Extra Strength Saw Palmetto for Women 500mg - DHT Blocker for Women 30-Day Supply - Hair Vitamins for Hair Loss Supplement - Pure Saw Palmetto Extract Capsules with Maca Root & Biotin - 90 Capsules","23.28","16.8","B09N426772","Saw Palmetto for Women with Biotin 5000mcg - Powerful DHT Blocker to Support Hair, Skin, and Nail Health - 60 Count - Vegan, Non-GMO Vitamin for Stronger, Fuller Looking Locks - 1 Month Supply","18.74","13.32","B0DNF5NSGV","Gesundgeist Saw Palmetto for Women Hair Loss - DHT Blocker with 5-in-1 Blend for Hair Growth, Skin & Nails, Urinary Wellness - Extra Strength Saw Palmetto Supplement - 90 Capsules","4.95","4.77","2025-03-31"
"64112","pumpkin seed oil with saw palmetto","MICROINGREDIENTS","NATUREBELL","Vitamatic","Health & Personal Care","Beauty","Grocery","B01BHF3KRG","Pumpkin Seed Oil with Saw Palmetto, 3000mg Per Serving, 300 Softgels | Cold Pressed, Pure Virgin Oil, Essential Fatty Acids & Phytosterols | Supports Hair, Urinary, Bladder & Prostate Health | Non-GMO","31.57","27.16","B07K6XGYPL","NatureBell Virgin Pumpkin Seed Oil 3,000mg Per Serving with Saw Palmetto, 240 Softgel Capsules | Cold Pressed – Rich in Omega 6 & 9 Essential Fatty Acids – Prostate & Bladder Supplements, Non-GMO","15.0","15.02","B0D6NDJ54R","Vitamatic 2 Packs Sugar Free Pumpkin Seed Gummies - Made with Saw Palmetto - Natural Raspberry Flavor - 60 Count","8.9","6.51","2025-03-31"
"197638","saw palmetto extract","NOW","Wild & Organic","Horbaach","Health & Personal Care","Grocery","Beauty","B0C16C7GLV","Wild & Organic Saw Palmetto Tincture - Saw Palmetto Extract Supplement for Men & Women - Liquid Powder Based Drops - Serenoa Repens Berries - Vegan, Sugar & Alcohol-Free - 4 fl oz","13.51","11.55","B0013OXII8","NOW Foods Supplements, Saw Palmetto Extract 320 mg with Pumpkin Seed Oil, Men's Health*, 90 Veg Softgels","11.45","11.81","B07SSVC2LB","Horbäach Saw Palmetto Extract | 120 Capsules | Non-GMO and Gluten Free Formula | from Saw Palmetto Berries","7.71","6.3","2025-03-31"
"249031","saw palmetto oil","Hair Thickness Maximizer","Wild & Organic","PHYTO LIFE","Health & Personal Care","Beauty","Grocery","B07RP648GW","Saw Palmetto Serum for Hair Growth: Rosemary, Peppermint, Pumpkin Seed Oils. Vegan Thickening, Moisturizing, Strengthening Treatment for Women, Men - Weak, Dry, Frizzy Hair - 1oz","28.31","14.2","B0C16C7GLV","Wild & Organic Saw Palmetto Tincture - Saw Palmetto Extract Supplement for Men & Women - Liquid Powder Based Drops - Serenoa Repens Berries - Vegan, Sugar & Alcohol-Free - 4 fl oz","22.52","20.71","B01EXRZNTS","Pure Saw Palmetto Oil Organic Natural 60-90-day Supply Unlike Inefficient Powders Support Prostate Health Sleep Better Reduce Frequent Urination DHT Blocker Stop Hair Loss (1 Fl Oz)","7.08","5.33","2025-03-31"
"263272","saw palmetto for women hair loss","Natures Craft","HAVASU NUTRITION","Gesundgeist","Health & Personal Care","Luxury_Beauty","Beauty","B01GDPQFSG","Extra Strength Saw Palmetto for Women 500mg - DHT Blocker for Women 30-Day Supply - Hair Vitamins for Hair Loss Supplement - Pure Saw Palmetto Extract Capsules with Maca Root & Biotin - 90 Capsules","22.31","15.63","B09N426772","Saw Palmetto for Women with Biotin 5000mcg - Powerful DHT Blocker to Support Hair, Skin, and Nail Health - 60 Count - Vegan, Non-GMO Vitamin for Stronger, Fuller Looking Locks - 1 Month Supply","19.01","11.16","B0DNF5NSGV","Gesundgeist Saw Palmetto for Women Hair Loss - DHT Blocker with 5-in-1 Blend for Hair Growth, Skin & Nails, Urinary Wellness - Extra Strength Saw Palmetto Supplement - 90 Capsules","6.5","4.02","2025-03-31"
"427669","saw palmetto shampoo","PURA D’OR","HIMS & HERS","WONDER FAMILY","Beauty","Luxury_Beauty","Health & Personal Care","B09H3RK75S","hims Thick Fix Shampoo for Men - Thickening Shampoo With Saw Palmetto and Niacinamide - No Parabens or Sulfates, Vegan and Cruelty Free - Fresh Eucalyptus Grove, 2 pack, 6.4oz","18.85","17.2","B07BHCB9Y2","PURA D'OR Anti-Thinning Biotin Shampoo & Deep Moisturizing Conditioner Original Gold Label Set (16oz x2) Natural Earthy Scent, CLINICALLY TESTED Effective Results, DHT Blocker Thickening, Women & Men","12.31","15.05","B00FH692PQ","PURA D'OR 16 Oz Original Gold Label Anti-Thinning Biotin Shampoo Natural Earthy Scent, CLINICALLY TESTED Effective Results, Herbal Hair Thickening Products, 3-1 Wash, Women & Men, Color Treated Hair","8.41","7.53","2025-03-31"
"510707","saw palmetto powder","MICROINGREDIENTS","BulkSupplements","PURE ORIGINAL INGREDIENTS","Health & Personal Care","Grocery","Fresh_Produce","B07WLMT9FS","Sustainably US Grown, Organic Saw Palmetto Powder, 4 Ounce, with Active Fatty Acid, Pure Saw Palmetto Prostate & Hair Growth Supplement, Healthy Urination Frequency & Hair Loss Blocker Supplement","28.25","27.27","B08WDMY4Q8","Pure Original Ingredients Saw Palmetto (4 oz) Premium Berry Extract Powder","16.54","12.5","B0748RPMDS","BulkSupplements.com Saw Palmetto Extract Powder - Serenoa Repens, Saw Palmetto Supplement, Saw Palmetto Powder - Vegan & Gluten Free, 1000mg per Serving, 250g (8.8 oz) (Pack of 1)","14.68","6.82","2025-03-31"
"525375","lenoria pumpkin seed and saw palmetto","MICROINGREDIENTS","NATUREBELL","Gesundgeist","Health & Personal Care",,,"B01BHF3KRG","Pumpkin Seed Oil with Saw Palmetto, 3000mg Per Serving, 300 Softgels | Cold Pressed, Pure Virgin Oil, Essential Fatty Acids & Phytosterols | Supports Hair, Urinary, Bladder & Prostate Health | Non-GMO","80.69","76.67","B0DPRHYW6X","Micro Ingredients Pumpkin Seed Oil with Saw Palmetto & Hair Vitamins Complex Capsules Bundle 2 Pack | Cold Pressed, Pure Virgin Oil, Herbal Supplement | 14-in-1 Advanced Hair Growth Support","5.16","3.33","B07K6XGYPL","NatureBell Virgin Pumpkin Seed Oil 3,000mg Per Serving with Saw Palmetto, 240 Softgel Capsules | Cold Pressed – Rich in Omega 6 & 9 Essential Fatty Acids – Prostate & Bladder Supplements, Non-GMO","3.25","2.22","2025-03-31"
"592293","saw palmetto and pumpkin seed oil","MICROINGREDIENTS","HAVASU NUTRITION","Clean Nutraceuticals","Health & Personal Care","Beauty",,"B01BHF3KRG","Pumpkin Seed Oil with Saw Palmetto, 3000mg Per Serving, 300 Softgels | Cold Pressed, Pure Virgin Oil, Essential Fatty Acids & Phytosterols | Supports Hair, Urinary, Bladder & Prostate Health | Non-GMO","16.81","13.4","B09N44X5GZ","Saw Palmetto Supplement with Stinging Nettle and Pumpkin Seed Extract - Advanced 3X Formula - DHT Blocker Urinary Health and Prostate Support for Mens Health - Vegan, Non-GMO Capsules - 2 Month Supply","12.72","15.46","B0BVXL2CKM","Clean Nutraceuticals Saw Palmetto Pumpkin Seed Oil Pygeum Sunflower Lecithin Stinging Nettle Cranberry - Prostate Supplements for Men with Lycopene - 90 Caps","12.28","8.25","2025-03-31"
"618695","havasu saw palmetto","HAVASU NUTRITION","Véla","NUTRAHARMONY","Health & Personal Care","Beauty",,"B01LQPZ8BS","Saw Palmetto for Men Prostate Health Supplement to Promote Urinary Tract Function - 500mg Per Serving - 100 Count - DHT Blocker Hair Vitamin - Vegan, Non-GMO Capsules, Over 3 Month Supply","65.77","61.76","B09N44X5GZ","Saw Palmetto Supplement with Stinging Nettle and Pumpkin Seed Extract - Advanced 3X Formula - DHT Blocker Urinary Health and Prostate Support for Mens Health - Vegan, Non-GMO Capsules - 2 Month Supply","11.94","13.53","B09N426772","Saw Palmetto for Women with Biotin 5000mcg - Powerful DHT Blocker to Support Hair, Skin, and Nail Health - 60 Count - Vegan, Non-GMO Vitamin for Stronger, Fuller Looking Locks - 1 Month Supply","4.5","3.53","2025-03-31"
"741990","pumpkin seed oil saw palmetto","MICROINGREDIENTS","NATUREBELL","Vitamatic","Health & Personal Care","Beauty",,"B01BHF3KRG","Pumpkin Seed Oil with Saw Palmetto, 3000mg Per Serving, 300 Softgels | Cold Pressed, Pure Virgin Oil, Essential Fatty Acids & Phytosterols | Supports Hair, Urinary, Bladder & Prostate Health | Non-GMO","32.43","22.08","B07K6XGYPL","NatureBell Virgin Pumpkin Seed Oil 3,000mg Per Serving with Saw Palmetto, 240 Softgel Capsules | Cold Pressed – Rich in Omega 6 & 9 Essential Fatty Acids – Prostate & Bladder Supplements, Non-GMO","18.11","25.97","B0D6NDJ54R","Vitamatic 2 Packs Sugar Free Pumpkin Seed Gummies - Made with Saw Palmetto - Natural Raspberry Flavor - 60 Count","7.3","10.39","2025-03-31"
"766572","saw palmetto gummies","Vitamatic","Purify Life","HAVASU NUTRITION","Health & Personal Care",,,"B09L59SH21","Vegan Saw Palmetto for Women & Men - Potent Saw Palmetto Extract, Prostate Supplements for Men, DHT Blocker for Womens Hair Growth, Hormonal Balance Gummies, PCOS Hair Loss, DHT Blocker, Gluten-Free","24.86","14.95","B0D6NDJ54R","Vitamatic 2 Packs Sugar Free Pumpkin Seed Gummies - Made with Saw Palmetto - Natural Raspberry Flavor - 60 Count","18.44","14.95","B0CVX62W8B","Vitamatic Sugar Free Saw Palmetto with Pumpkin Seed - 3000 mg Equivalent per Serving - Natural Raspberry Flavor - 60 Count","17.88","16.82","2025-03-31"
"814037","pumpkin seed oil and saw palmetto","MICROINGREDIENTS","Vitamatic","NATUREBELL","Health & Personal Care","Beauty",,"B01BHF3KRG","Pumpkin Seed Oil with Saw Palmetto, 3000mg Per Serving, 300 Softgels | Cold Pressed, Pure Virgin Oil, Essential Fatty Acids & Phytosterols | Supports Hair, Urinary, Bladder & Prostate Health | Non-GMO","34.12","40.3","B07K6XGYPL","NatureBell Virgin Pumpkin Seed Oil 3,000mg Per Serving with Saw Palmetto, 240 Softgel Capsules | Cold Pressed – Rich in Omega 6 & 9 Essential Fatty Acids – Prostate & Bladder Supplements, Non-GMO","11.57","7.46","B0D6NDJ54R","Vitamatic 2 Packs Sugar Free Pumpkin Seed Gummies - Made with Saw Palmetto - Natural Raspberry Flavor - 60 Count","9.79","2.99","2025-03-31"
"845938","now saw palmetto","NOW","HAVASU NUTRITION","Natures Craft","Health & Personal Care",,,"B0013OQP4M","NOW Foods Supplements, Saw Palmetto Extract with Pumpkin Seed Oil and Zinc, Men's Health*, 90 Softgels","28.4","19.8","B0013OXII8","NOW Foods Supplements, Saw Palmetto Extract 320 mg with Pumpkin Seed Oil, Men's Health*, 90 Veg Softgels","26.85","21.78","B003P7YWDG","NOW Foods Supplements, Prostate Health, Clinical Strength Saw Palmetto, Beta-Sitosterol & Lycopene, 180 Softgels","16.05","2.97","2025-03-31"
"891838","collagen biotin keratin hyaluronic acid saw palmetto","Clean Nutraceuticals","NEW AGE","DSVI","Health & Personal Care","Beauty",,"B0B3GBJJGW","Clean Nutraceuticals Collagen Pills 1000mg Biotin 10000mcg Keratin Saw Palmetto Hyaluronic Acid - Hair Skin & Nails Vitamins & DHT Blocker with Vitamin E Folic Acid Pumpkin Seed MSM - 90 Count","46.91","61.33","B0CLT2L8VF","NEW AGE Collagen Pills Biotin Keratin Saw Palmetto Hyaluronic Acid - Vitamin E Folic Acid Pumpkin Seed MSM - 90 Count (Pack of 2)","8.79","2.67","B0D6W7L5PH","Collagen Pills 1000mg Biotin 10000mcg Keratin Saw Palmetto 2500mg Hyaluronic Acid - Hair Skin and Nails Vitamins and DHT Blocker with Vitamin E Folic Acid Pumpkin Seed MSM for Men and Women,60 Count","5.54","5.33","2025-03-31"
"927396","organic saw palmetto for men","Herbal Roots","Oregon's Wild Harvest","HAVASU NUTRITION","Health & Personal Care","Grocery",,"B0B8G5PJRQ","Herbal Roots Organic Saw Palmetto Capsules | 1,000mg per Serving | 60 Organic Vegan Capsules","30.85","25.42","B00E3P8488","Oregon's Wild Harvest Certified Organic Saw Palmetto Capsules, Non-GMO, 1170 mg, 90 Count","13.56","10.17","B01LQPZ8BS","Saw Palmetto for Men Prostate Health Supplement to Promote Urinary Tract Function - 500mg Per Serving - 100 Count - DHT Blocker Hair Vitamin - Vegan, Non-GMO Capsules, Over 3 Month Supply","7.12","2.54","2025-03-31"
"972499","organic saw palmetto","Herbal Roots","Oregon's Wild Harvest","MICROINGREDIENTS","Health & Personal Care","Grocery",,"B0B8G5PJRQ","Herbal Roots Organic Saw Palmetto Capsules | 1,000mg per Serving | 60 Organic Vegan Capsules","23.13","22.08","B07WLMT9FS","Sustainably US Grown, Organic Saw Palmetto Powder, 4 Ounce, with Active Fatty Acid, Pure Saw Palmetto Prostate & Hair Growth Supplement, Healthy Urination Frequency & Hair Loss Blocker Supplement","14.23","9.09","B00E3P8488","Oregon's Wild Harvest Certified Organic Saw Palmetto Capsules, Non-GMO, 1170 mg, 90 Count","13.17","14.29","2025-03-31"
"993090","saw palmetto for men hair loss","HAVASU NUTRITION","Natures Craft","Hair Thickness Maximizer","Health & Personal Care","Luxury_Beauty","Beauty","B01LQPZ8BS","Saw Palmetto for Men Prostate Health Supplement to Promote Urinary Tract Function - 500mg Per Serving - 100 Count - DHT Blocker Hair Vitamin - Vegan, Non-GMO Capsules, Over 3 Month Supply","21.82","9.09","B011NZ6YPK","Extra Strength Saw Palmetto Extract - Advanced Herbal Complex for Hair Health and Urinary Support with Plant Sterols & Flavonoids - Potent Herbal Supplement with 500mg per Serving - 100 Capsules","20.73","21.21","B086V6ZK1V","Saw Palmetto + Biotin Advanced 2-in-1 Combo for Hair Growth. Vegan Capsules Supplement with Natural Saw Palmetto Extract + 10000mcg Biotin. Hair Loss and Regrowth Pills for Men and Women. DHT Blocker","8.36","6.06","2025-03-31"
